{"name":"fd19f298-c1cf-4bf5-9b10-007b1bca3d0f","id":"/providers/Microsoft.Flow/flows/fd19f298-c1cf-4bf5-9b10-007b1bca3d0f","type":"Microsoft.Flow/flows","properties":{"apiId":"/providers/Microsoft.PowerApps/apis/shared_logicflows","displayName":"update weekly office usage information","definition":{"metadata":{"workflowEntityId":null,"creator":{"id":"9d0e61a3-bde4-4118-a40a-c812f619e6c7","type":"User","tenantId":"f8c98920-c3d7-46b3-b802-ae70afd4b77a"},"provisioningMethod":"FromDefinition","failureAlertSubscription":true,"clientLastModifiedTime":"2020-05-29T04:58:45.9376434Z"},"$schema":"https://schema.management.azure.com/providers/Microsoft.Logic/schemas/2016-06-01/workflowdefinition.json#","contentVersion":"1.0.0.0","parameters":{"$connections":{"defaultValue":{},"type":"Object"},"$authentication":{"defaultValue":{},"type":"SecureObject"}},"triggers":{"manual":{"type":"Request","kind":"PowerApp","inputs":{"schema":{"type":"object","properties":{},"required":[]}},"runtimeConfiguration":{"concurrency":{"runs":1}}}},"actions":{"location":{"runAfter":{},"type":"Compose","inputs":"@triggerBody()['location_Inputs']"},"Update_item":{"runAfter":{"Get_item":["Succeeded"]},"metadata":{"flowSystemMetadata":{"swaggerOperationId":"PatchItem"}},"type":"ApiConnection","inputs":{"host":{"connection":{"name":"@json(decodeBase64(triggerOutputs().headers['X-MS-APIM-Tokens']))['$connections']['shared_sharepointonline']['connectionId']"},"api":{"runtimeUrl":"https://europe-002.azure-apim.net/apim/sharepointonline"}},"method":"patch","body":{"Title":"@body('Get_item')['Title']","Monday":"@add(body('Get_item')?['Monday'], int(triggerBody()['Updateitem_Monday']))","Tuesday":"@add(body('Get_item')?['Tuesday'], int(triggerBody()['Updateitem_Tuesday']))","Wednesday":"@add(body('Get_item')?['Wednesday'],int(triggerBody()['Updateitem_Wednesday']))","Thursday":"@add(body('Get_item')?['Thursday'], int(triggerBody()['Updateitem_Thursday']))","Friday":"@add(body('Get_item')?['Friday'], int(triggerBody()['Updateitem_Friday'])) "},"path":"/datasets/@{encodeURIComponent(encodeURIComponent('https://pertilamvp.sharepoint.com/sites/PowerAppsandPowerAutomateDemos'))}/tables/@{encodeURIComponent(encodeURIComponent('dfb6d2c5-7396-4914-bdd5-4d2760dea031'))}/items/@{encodeURIComponent(body('Get_item')?['ID'])}","authentication":{"type":"Raw","value":"@json(decodeBase64(triggerOutputs().headers['X-MS-APIM-Tokens']))['$ConnectionKey']"}}},"Get_item":{"runAfter":{"location":["Succeeded"]},"metadata":{"flowSystemMetadata":{"swaggerOperationId":"GetItem"}},"type":"ApiConnection","inputs":{"host":{"connection":{"name":"@json(decodeBase64(triggerOutputs().headers['X-MS-APIM-Tokens']))['$connections']['shared_sharepointonline']['connectionId']"},"api":{"runtimeUrl":"https://europe-002.azure-apim.net/apim/sharepointonline"}},"method":"get","path":"/datasets/@{encodeURIComponent(encodeURIComponent('https://pertilamvp.sharepoint.com/sites/PowerAppsandPowerAutomateDemos'))}/tables/@{encodeURIComponent(encodeURIComponent('dfb6d2c5-7396-4914-bdd5-4d2760dea031'))}/items/@{encodeURIComponent(outputs('location'))}","authentication":{"type":"Raw","value":"@json(decodeBase64(triggerOutputs().headers['X-MS-APIM-Tokens']))['$ConnectionKey']"}}}}},"connectionReferences":{"shared_sharepointonline":{"connectionName":"052b8c7d037b4d68b6dffaade69328e9","source":"Invoker","id":"/providers/Microsoft.PowerApps/apis/shared_sharepointonline","tier":"NotSpecified"}},"flowFailureAlertSubscribed":false}}