{"schemaVersion":"1.0","appDefinitionTemplate":{"id":"/providers/Microsoft.PowerApps/apps/","type":"Microsoft.PowerApps/apps","tags":{"primaryDeviceWidth":"640","primaryDeviceHeight":"1136","sienaVersion":"20200530T111640Z-3.20043.21.0","deviceCapabilities":"","supportsPortrait":"true","supportsLandscape":"false","primaryFormFactor":"Phone","publisherVersion":"3.20053.22","minimumRequiredApiVersion":"2.2.0","hasComponent":"false","hasUnlockedComponent":"false","isUnifiedRootApp":"false"},"properties":{"appVersion":"2020-05-30T11:16:40Z","lifeCycleId":"Published","createdByClientVersion":{"major":3,"minor":20053,"build":22,"revision":0,"majorRevision":0,"minorRevision":0},"minClientVersion":{"major":3,"minor":20053,"build":22,"revision":0,"majorRevision":0,"minorRevision":0},"backgroundColor":"rgba(165, 34, 55, 1)","backgroundImageUri":"/3754075116913628119/Nf8cb5417-f211-46d3-b831-00249dd6fc79-logoSmallFile","displayName":"My office days","description":"","commitMessage":"","appUris":{"documentUri":{"value":"/3754075116913628119/N38c6859b-8b0a-4b86-a1ee-4c66ad85cf89-document.msapp","readonlyValue":"/3754075116913628119/N38c6859b-8b0a-4b86-a1ee-4c66ad85cf89-document.msapp"},"imageUris":[]},"createdTime":"0001-01-01T00:00:00Z","lastModifiedTime":"0001-01-01T00:00:00Z","sharedGroupsCount":0,"sharedUsersCount":0,"icons":{"smallIconUri":"/3754075116913628119/Ne8913d7d-b65b-438d-8e10-1cbd1d53c63e-small.png","mediumIconUri":"/3754075116913628119/Nee834025-f697-44c7-a431-7f6c2dfe071d-medium.png","largeIconUri":"/3754075116913628119/Nb7a736fc-935e-4a77-8f7d-83aa88e28918-large.png","wideIconUri":"/3754075116913628119/N830b1fdd-8909-48ec-b953-9eaa442734af-wide.png"},"connectionReferences":{"5a277dbb-2d54-42a4-84a7-af853a0f8d2f":{"id":"24554b3a-5732-4216-975e-527957ad2d89","displayName":"SharePoint","iconUri":"https://connectoricons-prod.azureedge.net/sharepointonline/icon_1.0.1329.1956.png","dataSources":["Office Usage Summary Weekly","Office usage weekly"],"dependencies":[],"dependents":["9f52daca-64b3-41c9-a36e-a1ae6478ac04"],"parameterHints":{},"isOnPremiseConnection":false,"bypassConsent":false,"dataSets":{"https://pertilamvp.sharepoint.com/sites/PowerAppsandPowerAutomateDemos":{"dataSources":{"Office Usage Summary Weekly":{"tableName":"dfb6d2c5-7396-4914-bdd5-4d2760dea031"},"Office usage weekly":{"tableName":"98bbd583-b348-44ed-ae92-5f17ea146d60"}}}},"apiTier":"Standard","isCustomApiConnection":false},"be292c0d-2293-4921-870a-d080c06b2aa0":{"id":"2986774a-71e0-46de-8a81-fc9fa07f7d77","displayName":"Office 365 Outlook","iconUri":"https://connectoricons-prod.azureedge.net/office365/icon_1.0.1352.2012.png","dataSources":["Office365Outlook"],"dependencies":[],"dependents":[],"parameterHints":{},"isOnPremiseConnection":false,"bypassConsent":false,"dataSets":{},"apiTier":"Standard","isCustomApiConnection":false},"9f52daca-64b3-41c9-a36e-a1ae6478ac04":{"id":"e70ab9ab-f626-451e-86ee-7b8a339583db","displayName":"Logic flows","iconUri":"https://resourcestackdeploy.blob.core.windows.net/scripts/13276078.png","dataSources":["updateweeklyofficeusageinformation"],"dependencies":["5a277dbb-2d54-42a4-84a7-af853a0f8d2f"],"dependents":[],"parameterHints":{"workflowName":{"value":"c2818131-1112-4658-a13c-82f66909d7e4"},"5a277dbb-2d54-42a4-84a7-af853a0f8d2f":{"value":"shared_sharepointonline"}},"isOnPremiseConnection":false,"bypassConsent":false,"dataSets":{},"apiTier":"Standard","isCustomApiConnection":false},"67a5a035-d16e-4cc0-afd9-934603aec3b4":{"id":"88d17349-174c-46db-b81d-22bb76f2d231","displayName":"Office 365 Users","iconUri":"https://connectoricons-prod.azureedge.net/office365users/icon_1.0.1335.1964.png","dataSources":["Office365Users"],"dependencies":[],"dependents":[],"parameterHints":{},"isOnPremiseConnection":false,"bypassConsent":false,"dataSets":{},"apiTier":"Standard","isCustomApiConnection":false}},"databaseReferences":{},"almMode":"Environment","performanceOptimizationEnabled":true,"canConsumeAppPass":true},"isAppComponentLibrary":false,"appType":"ClassicCanvasApp","appComponents":[]}}