{"name":"5b9cda2f-2ea6-48b0-8266-210224aa00c6","id":"/providers/Microsoft.Flow/flows/5b9cda2f-2ea6-48b0-8266-210224aa00c6","type":"Microsoft.Flow/flows","properties":{"apiId":"/providers/Microsoft.PowerApps/apis/shared_logicflows","displayName":"Reset Weekly Office Counters","definition":{"metadata":{"workflowEntityId":null,"creator":{"id":"9d0e61a3-bde4-4118-a40a-c812f619e6c7","type":"User","tenantId":"f8c98920-c3d7-46b3-b802-ae70afd4b77a"},"provisioningMethod":"FromDefinition","failureAlertSubscription":true,"clientLastModifiedTime":"2020-05-30T10:55:28.1978507Z"},"$schema":"https://schema.management.azure.com/providers/Microsoft.Logic/schemas/2016-06-01/workflowdefinition.json#","contentVersion":"1.0.0.0","parameters":{"$connections":{"defaultValue":{},"type":"Object"},"$authentication":{"defaultValue":{},"type":"SecureObject"}},"triggers":{"Recurrence":{"recurrence":{"frequency":"Week","interval":1,"startTime":"2020-05-29T07:00:00.000Z","schedule":{"weekDays":["Friday"]}},"type":"Recurrence"}},"actions":{"Get_items":{"runAfter":{},"metadata":{"flowSystemMetadata":{"swaggerOperationId":"GetItems"}},"type":"ApiConnection","inputs":{"host":{"connection":{"name":"@parameters('$connections')['shared_sharepointonline']['connectionId']"},"api":{"runtimeUrl":"https://europe-002.azure-apim.net/apim/sharepointonline"}},"method":"get","path":"/datasets/@{encodeURIComponent(encodeURIComponent('https://pertilamvp.sharepoint.com/sites/PowerAppsandPowerAutomateDemos'))}/tables/@{encodeURIComponent(encodeURIComponent('dfb6d2c5-7396-4914-bdd5-4d2760dea031'))}/items","authentication":"@parameters('$authentication')"}},"Apply_to_each":{"foreach":"@body('Get_items')?['value']","actions":{"Update_item":{"runAfter":{},"metadata":{"flowSystemMetadata":{"swaggerOperationId":"PatchItem"}},"type":"ApiConnection","inputs":{"host":{"connection":{"name":"@parameters('$connections')['shared_sharepointonline']['connectionId']"},"api":{"runtimeUrl":"https://europe-002.azure-apim.net/apim/sharepointonline"}},"method":"patch","body":{"Title":"@items('Apply_to_each')?['Title']","Monday":0,"Tuesday":0,"Wednesday":0,"Thursday":0,"Friday":0,"Firstdayofweek":"@{addDays(items('Apply_to_each')?['Firstdayofweek'],7)}"},"path":"/datasets/@{encodeURIComponent(encodeURIComponent('https://pertilamvp.sharepoint.com/sites/PowerAppsandPowerAutomateDemos'))}/tables/@{encodeURIComponent(encodeURIComponent('dfb6d2c5-7396-4914-bdd5-4d2760dea031'))}/items/@{encodeURIComponent(items('Apply_to_each')?['ID'])}","authentication":"@parameters('$authentication')"}}},"runAfter":{"Get_items":["Succeeded"]},"type":"Foreach"}}},"connectionReferences":{"shared_sharepointonline":{"connectionName":"052b8c7d037b4d68b6dffaade69328e9","source":"Embedded","id":"/providers/Microsoft.PowerApps/apis/shared_sharepointonline","tier":"NotSpecified"}},"flowFailureAlertSubscribed":false}}