{"schemaVersion":"1.0","appDefinitionTemplate":{"id":"/providers/Microsoft.PowerApps/apps/","type":"Microsoft.PowerApps/apps","tags":{"primaryDeviceWidth":"640","primaryDeviceHeight":"1136","sienaVersion":"20200530T103941Z-3.20051.17.0","deviceCapabilities":"","supportsPortrait":"true","supportsLandscape":"false","primaryFormFactor":"Phone","publisherVersion":"3.20051.17","minimumRequiredApiVersion":"2.2.0","hasComponent":"false","hasUnlockedComponent":"false","isUnifiedRootApp":"false"},"properties":{"appVersion":"2020-05-30T10:39:41Z","lifeCycleId":"Published","createdByClientVersion":{"major":3,"minor":20051,"build":17,"revision":0,"majorRevision":0,"minorRevision":0},"minClientVersion":{"major":3,"minor":20051,"build":17,"revision":0,"majorRevision":0,"minorRevision":0},"backgroundColor":"rgba(165, 34, 55, 1)","backgroundImageUri":"/3754075116913628119/Na62479e7-9edc-4ec9-84b0-863e7d048cea-logoSmallFile","displayName":"My office days","description":"","commitMessage":"","appUris":{"documentUri":{"value":"/3754075116913628119/N3bad0dc8-1db9-443f-95ab-c139c687640b-document.msapp","readonlyValue":"/3754075116913628119/N3bad0dc8-1db9-443f-95ab-c139c687640b-document.msapp"},"imageUris":[]},"createdTime":"0001-01-01T00:00:00Z","lastModifiedTime":"0001-01-01T00:00:00Z","sharedGroupsCount":0,"sharedUsersCount":0,"icons":{"smallIconUri":"/3754075116913628119/Nc39006d0-7fb2-45f9-9878-29dfbd48d580-small.png","mediumIconUri":"/3754075116913628119/Nc8863f3c-776f-4309-b38e-d3c3c6b2fbd6-medium.png","largeIconUri":"/3754075116913628119/N6d531ee9-1a26-47ee-9a9a-0bf5f791f5a7-large.png","wideIconUri":"/3754075116913628119/N3895feb0-e145-455f-88ef-76bf3ed63ee6-wide.png"},"connectionReferences":{"5a277dbb-2d54-42a4-84a7-af853a0f8d2f":{"id":"24554b3a-5732-4216-975e-527957ad2d89","displayName":"SharePoint","iconUri":"https://connectoricons-prod.azureedge.net/sharepointonline/icon_1.0.1329.1956.png","dataSources":["Office Usage Summary Weekly","Office usage weekly"],"dependencies":[],"dependents":["9f52daca-64b3-41c9-a36e-a1ae6478ac04"],"parameterHints":{},"isOnPremiseConnection":false,"bypassConsent":false,"dataSets":{"https://pertilamvp.sharepoint.com/sites/PowerAppsandPowerAutomateDemos":{"dataSources":{"Office Usage Summary Weekly":{"tableName":"dfb6d2c5-7396-4914-bdd5-4d2760dea031"},"Office usage weekly":{"tableName":"98bbd583-b348-44ed-ae92-5f17ea146d60"}}}},"apiTier":"Standard","isCustomApiConnection":false},"be292c0d-2293-4921-870a-d080c06b2aa0":{"id":"2986774a-71e0-46de-8a81-fc9fa07f7d77","displayName":"Office 365 Outlook","iconUri":"https://connectoricons-prod.azureedge.net/office365/icon_1.0.1352.2012.png","dataSources":["Office365Outlook"],"dependencies":[],"dependents":[],"parameterHints":{},"isOnPremiseConnection":false,"bypassConsent":false,"dataSets":{},"apiTier":"Standard","isCustomApiConnection":false},"9f52daca-64b3-41c9-a36e-a1ae6478ac04":{"id":"e70ab9ab-f626-451e-86ee-7b8a339583db","displayName":"Logic flows","iconUri":"https://resourcestackdeploy.blob.core.windows.net/scripts/13276078.png","dataSources":["updateweeklyofficeusageinformation"],"dependencies":["5a277dbb-2d54-42a4-84a7-af853a0f8d2f"],"dependents":[],"parameterHints":{"workflowName":{"value":"c2818131-1112-4658-a13c-82f66909d7e4"},"5a277dbb-2d54-42a4-84a7-af853a0f8d2f":{"value":"shared_sharepointonline"}},"isOnPremiseConnection":false,"bypassConsent":false,"dataSets":{},"apiTier":"Standard","isCustomApiConnection":false},"67a5a035-d16e-4cc0-afd9-934603aec3b4":{"id":"88d17349-174c-46db-b81d-22bb76f2d231","displayName":"Office 365 Users","iconUri":"https://connectoricons-prod.azureedge.net/office365users/icon_1.0.1335.1964.png","dataSources":["Office365Users"],"dependencies":[],"dependents":[],"parameterHints":{},"isOnPremiseConnection":false,"bypassConsent":false,"dataSets":{},"apiTier":"Standard","isCustomApiConnection":false}},"databaseReferences":{},"almMode":"Environment","performanceOptimizationEnabled":true,"canConsumeAppPass":true},"isAppComponentLibrary":false,"appType":"ClassicCanvasApp","appComponents":[]}}